"","x","y","a","b"
"1",1.6682989555411,2.18189292028546,0.0909443127854731,4.87264102954981
"2",1.65393116371706,2.87358440784737,1.21783720503093,5.79019919647806
"3",1.63052544882521,2.63585089938715,1.16412924407055,1.33878904877833
"4",1.33018119330518,2.83828122192062,-0.341111290380851,0.415167183307527
"5",1.27936111600138,2.16196943167597,0.358929457296459,1.9387456711668
"6",1.03379688761197,2.71319732372649,-0.652161514669464,1.41889911691145
"7",1.51363709382713,2.50872303475626,1.84112014342208,-1.00467945049101
"8",1.16508869733661,2.49379758024588,1.50398056718236,3.21984398706894
"9",1.20334771205671,2.47242530644871,1.21628015404502,1.64636282014561
"10",1.86859801318496,2.54449280072004,0.787623252077964,0.0945416155488985
"11",1.74041502992623,2.29702687542886,0.281529087995613,2.48969334626615
"12",1.06088083074428,2.70410818210803,0.682736878997891,4.57806593226485
"13",1.36911349743605,2.90235576406121,-0.232683254116139,7.07018569214065
"14",1.94345268374309,2.32216872484423,1.55502007115856,3.06786695293136
"15",1.11068632383831,2.89394465065561,0.751247333326496,-0.508838550004186
"16",1.00408393726684,2.269440934062,1.08126861878549,4.95610285845398
"17",1.68873120541684,2.92070446466096,-0.295321912508443,2.05835144613351
"18",1.76720868679695,2.95928987977095,-0.313704874995269,3.39115925237235
"19",1.44082945003174,2.51648560795002,0.387919604222694,0.277099963311166
"20",1.82177318795584,2.59578089951538,2.41288103437921,1.42307720206694
"21",1.35513458540663,2.36734362202697,0.531878164236465,0.358993047417561
"22",1.81207416206598,2.14250633399934,1.42082268172533,0.149119767748729
"23",1.67543232487515,2.17935000895523,-0.00107056385021509,4.2108377566074
"24",1.63296776684001,2.10644619981758,-0.124691915703725,2.69960218888891
"25",1.63937875838019,2.34356755227782,-1.04277905577023,4.56004428422602
"26",1.7963531143032,2.95829462609254,1.3769431718959,2.87124390813045
"27",1.16752010444179,2.07601635856554,1.37947281422496,2.59815131954457
"28",1.18657281063497,2.59949598903768,-1.24925458222139,4.48805030617924
"29",1.68929738830775,2.7133120384533,1.81986823143029,3.71684659472802
"30",1.13094289856963,2.76278560003266,0.922737056840043,-3.57036807655137
"31",1.61888718185946,2.77100035408512,0.492446299171943,3.50323374863985
"32",1.65389777743258,2.27418983541429,-0.405692327484573,1.02675521493072
"33",1.92565839341842,2.86545385001227,1.52733060871085,1.55313714811742
"34",1.31959019624628,2.66009903815575,1.00099002641657,5.00548630804953
"35",1.29876458249055,2.72817954141647,0.863397979725867,2.85650480592777
"36",1.25881344242953,2.67713219881989,0.714502897032515,2.67173104312797
"37",1.99785699136555,2.83238913305104,0.660736582942491,3.27256465525499
"38",1.85947280703112,2.08376207645051,0.633603562852417,1.70636017948124
"39",1.4927351702936,2.3612135082949,1.58479766815783,-0.115377706951886
"40",1.28465152834542,2.88411373272538,2.82415726342736,1.15018738200556
"41",1.50377781619318,2.56348371668719,1.84276312995933,-2.79923925255988
"42",1.50297377677634,2.22406972036697,-0.2831495357559,1.79657689404473
"43",1.95040896255523,2.37606644094922,0.975882515265072,3.48799231313696
"44",1.51591692958027,2.41048563597724,0.310371310378603,3.47539705565745
"45",1.82598898676224,2.63494507456198,2.85928294940897,3.19290274459021
"46",1.9750936543569,2.44699532119557,0.957506212770199,4.49962000424605
"47",1.15301206149161,2.08839849568903,1.00999259210029,0.835560845603184
"48",1.8507314408198,2.79204544425011,0.224222225914559,-1.80636653816424
"49",1.04414030443877,2.66616270272061,1.00618902430572,1.10810328151544
"50",1.74838504288346,2.96682337322272,0.952806571040355,1.03772314806795
"51",1.71007137023844,2.33594738552347,0.618629197189269,1.40001952666199
"52",1.99103818042204,2.26963680260815,0.558002339189154,0.528874621319396
"53",1.39513133582659,2.83333179820329,1.97710153889621,-0.719292003343861
"54",1.57738266419619,2.57483521080576,1.33670229102196,1.79286132925192
"55",1.94682289403863,2.07275263592601,0.858764674209028,4.78535276417246
"56",1.30916427331977,2.48691920633428,2.5921089416362,4.71988058615524
"57",1.6025083551649,2.75608191639185,0.31574513891628,3.43741474987515
"58",1.01072366046719,2.58596332464367,1.87126665524923,1.97581285513096
"59",1.71888295304962,2.39476333372295,1.5250302689649,3.83882190569838
"60",1.95205807802267,2.49830601527356,2.08098473094366,-0.101329695983707
"61",1.8112116381526,2.25806811242364,-0.296040672815747,-0.518077596660993
"62",1.83286979421973,2.87003926490434,-0.463845387734833,1.06681099643719
"63",1.02263690740801,2.27350784325972,2.60403255218379,-0.18710089291518
"64",1.88373491540551,2.08243914833292,0.995339100849576,-0.357759096253008
"65",1.59557394101284,2.77859040140174,0.698249072209792,5.05615287434777
"66",1.06161872041412,2.74125247797929,1.5453245979199,2.16402641432936
"67",1.23503796779551,2.85779708996415,3.29670802108259,3.56995150309948
"68",1.97694326867349,2.15988107211888,1.54584131260105,1.47009735897557
"69",1.90843362757005,2.74234179337509,2.98949805297081,5.85475254588213
"70",1.98219399224035,2.06351808342151,2.45142762180308,4.59224275951867
"71",1.99208330968395,2.22947547351941,1.58939880115159,4.37745401228439
"72",1.68858970794827,2.3635588567704,1.2213188847968,1.90565519841724
"73",1.04641604889184,2.82681489409879,1.17813747421205,-0.512281670490256
"74",1.53445081086829,2.76610153377987,0.686330751407604,3.94098231656035
"75",1.93651508330368,2.44158752891235,0.911375626245246,2.91122166067454
"76",1.35796525143087,2.77481693984009,0.649925411502514,0.510886148889467
"77",1.86723835393786,2.77988082240336,0.15608278258002,2.98222436778383
"78",1.2244821335189,2.93217821093276,2.46914779065075,1.30542793308264
"79",1.12830070988275,2.50811964226887,1.69394623170366,-1.33182250582561
"80",1.55630434025079,2.45911224675365,0.724263923799254,1.7456141573629
"81",1.47167748911306,2.9982515971642,-0.668268824150823,1.47086247002886
"82",1.44045006996021,2.88965702732094,0.230644723769648,-0.00812742360547292
"83",1.32316744234413,2.85668995114975,-0.463355484766406,1.14313916583597
"84",1.94053135230206,2.19776779576205,0.0728369895415998,5.35513591603196
"85",1.65595166035928,2.09512089146301,1.24189104190898,2.89295175188974
"86",1.89881756575778,2.3682572459802,-0.446738601676928,3.68111672861124
"87",1.8999881001655,2.66873311670497,2.00571510298281,3.44818300254061
"88",1.16775908158161,2.69707561144605,1.5280407615404,-1.32957097881879
"89",1.28516708593816,2.77192293247208,0.580984874853077,0.280293816621199
"90",1.64954979321919,2.15068934718147,0.310107770857025,0.8843071188589
"91",1.44617208139971,2.34391515608877,0.0993429343231493,1.89777985565116
"92",1.97958643082529,2.8740369642619,0.127335250407495,2.34839631004029
"93",1.631805337267,2.92686739587225,-0.0590102254286933,1.4280675926563
"94",1.12270583445206,2.96377909532748,2.48130277562024,1.9577128720182
"95",1.36074320157059,2.13506268174388,-0.691971148543297,2.57425836742312
"96",1.23635425581597,2.90541353775188,-0.138289990559328,0.300832562393
"97",1.06034391117282,2.94916967512108,-0.511078079648513,4.30007736998763
"98",1.16468735644594,2.29064517794177,1.8773538410697,0.15606762224762
"99",1.89823989360593,2.50859329313971,1.28817294794908,0.585620074158425
"100",1.12372818519361,2.36481860186905,-0.330419895790721,3.34918587818192
"101",1.09998864703812,2.49525508633815,0.403476954283141,-1.93422395611855
"102",1.90877140918747,2.31442547403276,1.34536891506573,2.8542228085886
"103",1.4391319481656,2.19736054399982,-0.266936646865578,-0.145428694163588
"104",1.19996354123577,2.4207316134125,3.38427409343707,2.68161717899635
"105",1.81313568423502,2.71552295191213,1.84825509310248,0.640346584279672
"106",1.75765839079395,2.20977100520395,0.251831041756309,6.83179578010388
"107",1.65641183243133,2.936559231719,2.33317131232797,-1.56828973056617
"108",1.54973946418613,2.29860709072091,1.6650022816377,2.80752459201168
"109",1.28791652410291,2.43920510844328,0.62389640444385,3.21208525906925
"110",1.11608592257835,2.49157840525731,0.857081211349662,2.42311495524934
"111",1.71080878586508,2.02990847826004,0.825212394416728,3.97829849718919
"112",1.41230784542859,2.95823256275617,1.27478931244428,1.99331841712732
"113",1.20868162368424,2.86955790664069,1.52198146137611,2.68182122024709
"114",1.63191061792895,2.0921790918801,-0.381242843831348,3.72575014008055
"115",1.17871053284034,2.0997282047756,1.85358011704101,1.25325330612495
"116",1.82880317769013,2.67751692305319,-1.60506686474514,1.36333777342692
"117",1.84606648981571,2.34340204787441,2.19599756404961,1.79510134996277
"118",1.09583768784069,2.08256287872791,-0.155261998055154,2.41135167888109
"119",1.04855147772469,2.77460013818927,1.30442374353819,1.03223125113491
"120",1.16920677665621,2.0314666966442,1.94417359133427,3.12356667969393
"121",1.20722247171216,2.85110444645397,-0.189672320617012,0.151638539884138
"122",1.73892454267479,2.63595401821658,0.0174832981285964,2.4162547158055
"123",1.02371369907632,2.0393238235265,1.51743966025156,0.754982891471095
"124",1.13078822661191,2.70645533525385,0.500535456993236,5.00990940799632
"125",1.63272076123394,2.75720776803792,1.74049889574469,3.01653270053226
"126",1.70142405899242,2.01938263629563,-0.569941688985102,0.377026550060494
"127",1.68234045244753,2.56112996139564,2.47437146399137,1.97768790670179
"128",1.95776026346721,2.63061354262754,0.756468648559829,3.83408541858253
"129",1.46659210487269,2.74565575760789,-0.761097465229503,-0.909016805680471
"130",1.56517435517162,2.97273578727618,0.612746452872918,1.99511249040312
"131",1.11648683086969,2.17147796670906,2.55169237719827,6.03680041485829
"132",1.28483182424679,2.30057141860016,1.72307001715855,1.68604620661086
"133",1.40997988148592,2.23317682999186,1.47654710367266,3.01284559160125
"134",1.3480762632098,2.77981858956628,0.38060691784525,-0.0465056046598105
"135",1.15193120203912,2.88693746016361,2.12438235128929,4.04930942205544
"136",1.18972885468975,2.11288521415554,-0.162681951959824,2.21816048219836
"137",1.57588351564482,2.89988342835568,0.767890884004633,4.88471105742509
"138",1.15629053488374,2.24402842810377,0.806250816210692,1.11228658321745
"139",1.65790077811107,2.51560324034654,0.979254399710201,2.06827063337038
"140",1.15346024627797,2.40547664090991,3.31570204970173,4.0012027291645
"141",1.15058171842247,2.50692731072195,2.03851826510307,6.10694979326869
"142",1.44906257558614,2.18365493323654,0.0247854265278784,0.585904111407655
"143",1.85766063793562,2.98872268921696,1.53217781612149,0.86194489698398
"144",1.97968124505132,2.38319837278686,-0.0283376917552929,1.24581763141197
"145",1.56695058150217,2.72678622207604,3.06710059478709,-0.02320747581035
"146",1.57430582097732,2.57487022038549,1.3062486556419,2.4064116233979
"147",1.06783586042002,2.17017174093053,2.05673266949358,-0.0987145812184513
"148",1.23145958292298,2.48185568558984,0.460719735687989,2.6648904280206
"149",1.57541139470413,2.72105872561224,1.51000890987569,3.5155896773551
"150",1.62494032434188,2.42852956964634,1.32419860773563,2.30949802535627
"151",1.41250551235862,2.89344591787085,1.45028071428294,4.22104489400388
"152",1.33589302003384,2.91803432698362,2.31006438064937,1.61049118205294
"153",1.36871842108667,2.68823566753417,1.39651141370637,1.69469901279394
"154",1.5267639902886,2.40939354221337,1.69873773181077,0.555900330217443
"155",1.59491166961379,2.67151324311271,0.690065644978706,2.64904249836043
"156",1.32159140799195,2.78441124525853,2.22502160436401,3.52029663110567
"157",1.62707844609395,2.11529048788361,1.76355865209417,2.87371472558012
"158",1.92504672706127,2.09175127465278,1.21266318785758,2.34916704275456
"159",1.30407864134759,2.06729864305817,1.43413860440337,1.7410654854838
"160",1.78062952496111,2.06513056927361,0.699137754708909,0.148849515975722
"161",1.80286319600418,2.44603780470788,0.00264348679043414,1.43432633945239
"162",1.46945985802449,2.65254780324176,1.13642281769637,3.51870718571234
"163",1.91349944961257,2.5524358919356,1.70238917390054,0.88191295333002
"164",1.53080616495572,2.30559936817735,2.25370971276269,5.26737533261054
"165",1.61827318323776,2.36221611639485,1.36419984698305,1.41350583809054
"166",1.17367774690501,2.95012098667212,-0.657545153744508,3.20375055757698
"167",1.32034857664257,2.91236276878044,1.44763688931168,0.900324927911242
"168",1.47454299079254,2.18983151786961,0.168062875531256,0.749659699579348
"169",1.92149983369745,2.74995192117058,1.19386830515407,4.09081806955279
"170",1.85884323413484,2.2675800321158,1.14993270933258,2.05545289676356
"171",1.11740405065939,2.07867777114734,1.31039401605711,1.44692377526764
"172",1.66193152964115,2.80425006942824,0.810497999579975,-0.0936074802714368
"173",1.78861929476261,2.14164935308509,1.44495450838325,1.37027164325523
"174",1.59010111168027,2.74349426710978,0.960118890048457,0.00320787895027697
"175",1.44511186331511,2.37533125956543,1.45760991694668,4.36238981188683
"176",1.83328727353364,2.33881102968007,1.27396228078292,-0.95669725258159
"177",1.89011517283507,2.50407693209127,0.334066662030474,-1.11469385699517
"178",1.90623861644417,2.18977935402654,0.843890357962697,-2.97941212989764
"179",1.64398660650477,2.3303764865268,1.72106672861178,1.4047165639233
"180",1.79591888864525,2.73596836975776,1.31021280934237,-0.865615631605018
"181",1.95251247147098,2.6353739995975,-0.925309927625029,3.22379356620844
"182",1.88468739041127,2.9586241284851,-0.0608929747393976,-0.915407866989117
"183",1.65791127993725,2.59159109042957,0.982439562361147,1.95872941179931
"184",1.96410907083191,2.76179438526742,1.00388249547936,1.02055808554461
"185",1.29841815447435,2.7104542881716,0.967580756572903,3.07739875303167
"186",1.52763435174711,2.86464440007694,1.74442832483139,2.668381606105
"187",1.01362574775703,2.56086894846521,2.79584238753587,0.448504946043605
"188",1.43716067075729,2.79008953273296,-0.0995111170431304,3.45286075276092
"189",1.38435162696987,2.96300986479037,0.754784397302162,-0.475421946673959
"190",1.92332646902651,2.47875837469473,0.888767758024286,2.14341181510202
"191",1.4356607387308,2.75222386117093,-0.33824302153704,0.410420244089235
"192",1.95001468597911,2.99517893069424,0.0394115738748909,-0.332701551072522
"193",1.5141274894122,2.68181801983155,0.330389392410287,-2.00103597591554
"194",1.25717559363693,2.53113323473372,0.422421237588936,0.767376182687531
"195",1.76568042510189,2.39777923561633,2.3364867666001,3.87370591418745
"196",1.41617626626976,2.55351818283089,1.6196716152906,1.06066554364105
"197",1.83910903893411,2.26712298206985,1.06711635200369,3.08062185894955
"198",1.32548734429292,2.23128184489906,1.36565466664363,4.46016090927617
"199",1.48049023840576,2.35878978623077,1.51191358698864,-1.55302351868075
"200",1.87893324671313,2.56453484832309,1.55729572700181,4.6085521902827
"201",1.41226208023727,2.7054834717419,0.860364351049934,-1.76730016432606
"202",1.04615879617631,2.10659870132804,0.584636561484192,0.455614136250945
"203",1.23669120203704,2.63816004409455,1.58409693073098,1.32080827253621
"204",1.00792462960817,2.33814129862003,-0.573308984452656,2.03504553760306
"205",1.82455085660331,2.31979048578069,1.48395307090756,-0.0532252793392787
"206",1.05799965746701,2.00795964268036,0.482318240508384,2.08931059532223
"207",1.78753199009225,2.39155366295017,1.80261252360224,3.16882454257009
"208",1.12694534449838,2.27082892367616,-0.147915534927036,5.1981969071457
"209",1.5946992568206,2.03934453520924,1.93059640365309,0.878852359082523
"210",1.23805995029397,2.42023641080596,1.75834309448604,-1.3327556657412
"211",1.49225016753189,2.99275591573678,1.09848416465183,4.51531108015196
"212",1.18357673916034,2.41103036864661,1.51421092873224,0.0274675707105057
"213",1.05261117499322,2.18579632695764,2.97898174899688,0.981179844670887
"214",1.66536086960696,2.29061258607544,1.47051660144534,1.72160152649917
"215",1.88827391830273,2.70392380515113,-0.147558501254227,3.42682972512392
"216",1.37244825228117,2.91151606594212,1.89270240030182,1.68787391691794
"217",1.75532694719732,2.61100050224923,3.36088751152308,2.17274516060176
"218",1.7172093319241,2.17100312770344,0.13005532728303,1.35762770630735
"219",1.31303538521752,2.61933939787559,2.39043900615351,-1.88342623814564
"220",1.47906606807373,2.40395374805667,1.52354461194642,-1.03725778505687
"221",1.06471631187014,2.86954480665736,2.67156314738405,0.137185044799708
"222",1.7779431019444,2.9612390503753,0.322511437029215,2.97617350719847
"223",1.68375953566283,2.90031428914517,2.32264752730391,0.692497029461675
"224",1.10407377406955,2.91358867427334,1.33708551430678,3.63367163099359
"225",1.10508670471609,2.34578069206327,-0.00690109060433253,2.08661123037016
"226",1.84607573202811,2.79691119375639,-0.388559585184829,5.81850270392531
"227",1.76976024941541,2.02649335470051,2.33754976070005,-0.843000561482864
"228",1.45064607588574,2.75216333894059,1.01081265998975,2.86128416163618
"229",1.50311636622064,2.27040642686188,1.17493550927884,-3.35359151524479
"230",1.44981964025646,2.67988503421657,-1.04737501368133,2.69865458577702
"231",1.12294408958405,2.3761584116146,1.44283146777341,4.0246182426188
"232",1.03076029778458,2.51259451080114,1.70866101390116,0.451940042174021
"233",1.88175940723158,2.31620974512771,0.844323203758701,-1.65738524635071
"234",1.10881772800349,2.43844128586352,2.12260789630455,4.8698319593524
"235",1.20413658954203,2.17555995797738,0.691985893060472,0.993551189279322
"236",1.05275539075956,2.90712402760983,1.77506185582363,2.88107347896785
"237",1.22245858469978,2.22682759328745,0.359532989428705,4.70680084512078
"238",1.86197028425522,2.57711294665933,1.14453094019236,0.294088365929726
"239",1.29254127829336,2.61712168087251,1.1877728211475,0.250088181791007
"240",1.82799582672305,2.43421451468021,0.960323287889483,0.675984375405807
"241",1.30297384946607,2.7870119730942,1.66273216249631,1.60389746141076
"242",1.3497028038837,2.46501865820028,0.272253141377999,6.37687249878814
"243",1.46546957851388,2.78801975818351,2.45267086418322,1.80664673576227
"244",1.02240316825919,2.92378620058298,0.481533421788962,4.2625427931766
"245",1.43854370596819,2.64566715015098,-0.704188783172408,-1.12248615361014
"246",1.6340021037031,2.48389459121972,2.25039801804976,3.88170923608551
"247",1.19742233515717,2.52478897804394,1.7995566528999,3.40770131799887
"248",1.86174591095187,2.86195207643323,2.55998838354285,2.12418676573526
"249",1.69423487526365,2.83914571581408,1.16646900941328,2.84845474492305
"250",1.25628131162375,2.21396920876577,-1.24517847116401,1.66119885577286
"251",1.70338129159063,2.84902686788701,-0.147725359229465,4.09751354722462
"252",1.32684220396914,2.57987688248977,0.378372718304794,0.216073728404883
"253",1.9741271038074,2.9537514175754,1.30738854085536,2.04530797215423
"254",1.24008418107405,2.6776898400858,1.31465714722999,0.841910941599793
"255",1.01153138838708,2.46549446019344,2.49227562068691,-1.26151335766541
"256",1.92577912076376,2.40836579119787,0.501264180043393,-0.0787540546561685
"257",1.11135214101523,2.82262309337966,1.28840572880702,4.74218529826237
"258",1.31637499132194,2.00109671335667,-0.393403439135843,3.46465254688092
"259",1.09979561972432,2.06830520462245,1.22750680346945,-0.963691461245536
"260",1.98894230206497,2.68921726220287,2.23948188788866,1.11944619940245
"261",1.62808340834454,2.65687346737832,0.517077522178388,-0.444815104118415
"262",1.16291202651337,2.77747768443078,0.018330861261898,1.22613741914412
"263",1.16795363812707,2.41577549697831,1.85938426966606,5.31489782466413
"264",1.18756527593359,2.54075410077348,1.6622333955061,2.67110279461132
"265",1.96367803262547,2.33896333305165,1.87470701610442,6.54431058612323
"266",1.73267918336205,2.51034501567483,0.431790706973336,5.34892689931509
"267",1.87527915718965,2.65832050167955,1.70382989889973,1.60543272934276
"268",1.40997323323973,2.53684182441793,0.0842548968636032,3.72022764700728
"269",1.90330108883791,2.12882601027377,1.65940460189812,2.4996127409972
"270",1.57954838802107,2.70957136852667,0.55053881051259,0.756612983200251
"271",1.7554294380825,2.69083977583796,0.0364349098863442,2.9582588025591
"272",1.4973903815262,2.66755814896896,0.568670488181584,2.65312572984163
"273",1.76085799001157,2.5500710089691,1.0952605675819,2.56439495735437
"274",1.51074946136214,2.11620935308747,1.99674584274441,1.1076050679791
"275",1.28576203901321,2.93262202804908,4.09939332175096,3.35750171163868
"276",1.62283704965375,2.19269539718516,0.96353013842873,4.22018902254265
"277",1.04808005783707,2.10026310919784,2.50774241955409,2.81158999671251
"278",1.93974565644749,2.24985268618912,1.00700780376874,1.13997866543004
"279",1.53262838185765,2.43280994542874,2.37270618654409,-0.685526791260992
"280",1.06398373679258,2.62691099382937,1.79657869030577,1.4465926371415
"281",1.82026014267467,2.70481564896181,0.6382343420316,2.76335278435946
"282",1.02931248210371,2.91059016319923,0.476052583657338,5.44088038685169
"283",1.89639106369577,2.83164606755599,1.26992732436963,-0.946353982481792
"284",1.40216018236242,2.73823151970282,1.46728784077081,6.17957913743889
"285",1.96091996738687,2.50993518647738,1.16455933925946,3.45317779534994
"286",1.53497097967193,2.65154024609365,1.29338403912828,0.938705915270416
"287",1.49262394849211,2.73199161374941,1.04560514766176,2.67281097449958
"288",1.64991156710312,2.80328398500569,0.937717380911622,3.97609148717051
"289",1.61742831207812,2.79831994418055,0.459093172748105,-2.16389510128042
"290",1.24884180608205,2.40959672932513,1.48448777535529,0.933078870438032
"291",1.00319492327981,2.85562054230832,1.54851624380404,5.04063014944916
"292",1.63919985387474,2.14931161259301,-0.348072695557368,3.08819304657509
"293",1.40955177345313,2.26177320675924,-0.779189139863344,2.20313754474415
"294",1.6823376736138,2.22576567810029,1.05724763261545,2.13404180980136
"295",1.37371140252799,2.80889336043037,1.13092948063852,1.9669325794721
"296",1.24281094782054,2.72711925441399,2.22675431374251,1.99525860564522
"297",1.55768428719603,2.97749451687559,0.117518684138791,4.57587750162782
"298",1.5511334259063,2.92874127207324,1.0645607420911,3.80018496175027
"299",1.5289398864843,2.67739399219863,2.16165337063075,0.102725226529246
"300",1.71656776336022,2.6514409489464,-0.00223273879912678,4.89312517400317
"301",1.34627068345435,2.82189254439436,1.59992906399763,-2.49586061609769
"302",1.88667201134376,2.69424903206527,2.50619634578182,1.74181986565593
"303",1.23417374049313,2.33431531162933,0.662737294629146,0.30660393547634
"304",1.2437086883001,2.191823736066,0.772608725718349,3.10414978810414
"305",1.92413412081078,2.7222200173419,1.76726897190391,6.3669216157185
"306",1.61618194822222,2.175093077356,2.96987319048066,4.50279340097939
"307",1.8994807866402,2.28031177609228,1.61010489819638,-0.0804107637436617
"308",1.84492989908904,2.80724000721239,1.0057235458621,2.14919225619559
"309",1.00224771024659,2.18524800101295,0.764848657625723,0.384525352261097
"310",1.98338113771752,2.3111838423647,0.141065021237358,-0.48828322357996
"311",1.78748796926811,2.95624133688398,1.18309571493248,0.383995687433742
"312",1.81907842447981,2.15160046261735,-0.795026970400607,1.33126271469329
"313",1.10175645397976,2.87007596041076,1.17183373300158,4.25134994102663
"314",1.99352565221488,2.10512606217526,0.0659058450906583,2.50942261196824
"315",1.11637769965455,2.71716545452364,2.00506344886697,-0.394265126559633
"316",1.72741353884339,2.30233743414283,2.1524478483477,3.88747375847284
"317",1.80889817140996,2.95163333765231,0.565854076987213,4.80566080799581
"318",1.99623142648488,2.68665299331769,1.3420629180799,0.57502404208856
"319",1.90529842185788,2.63821021653712,2.18325679942719,-2.35917827551043
"320",1.92429017671384,2.63726832531393,1.28277786761186,0.842908611694599
"321",1.54947031917982,2.92202230053954,0.503198645412587,3.35397031860325
"322",1.91062017017975,2.02817078214139,1.6868942811606,3.91933086489388
"323",1.58816687180661,2.59338003746234,2.88997905566363,1.15559125361537
"324",1.70509043801576,2.72184455604292,-0.804017167234025,4.17747812569001
"325",1.3971731197089,2.49410931044258,1.06530180635363,4.4143829514883
"326",1.82289903587662,2.79898364166729,-0.410820251429698,1.80573332280065
"327",1.43736766395159,2.30641543515958,0.110902335728648,2.65098942824579
"328",1.5523424516432,2.09821763029322,0.653654528968361,0.22010388021599
"329",1.43926867563277,2.71722698025405,0.603208799619058,2.0190774967378
"330",1.6245303824544,2.40853197150864,1.2066349026467,1.96465323473477
"331",1.96565089863725,2.44340725569054,-0.144227838645328,2.64757569924638
"332",1.30787496990524,2.45906033436768,0.926449268060272,3.32466115371511
"333",1.3703435449861,2.47452252497897,2.09736155814397,2.20924042083475
"334",1.49176034308039,2.48429683619179,1.58439754634079,2.24080808268621
"335",1.24570201267488,2.29089089226909,2.33702088974781,0.160484210971517
"336",1.75660345214419,2.07147469301708,1.81131339480332,1.34191921154804
"337",1.58022248209454,2.49755257600918,1.7396709284049,-1.84276800556949
"338",1.63496224442497,2.54846622701734,-0.136965462962674,2.52102922808874
"339",1.52340842131525,2.43994708335958,1.91851214093644,2.74957510959151
"340",1.41128707583994,2.45031531644054,0.440928970496122,-2.68673655735711
"341",1.30069188820198,2.91262158937752,1.3060189337658,0.0592056182506999
"342",1.01668783719651,2.40736501477659,2.20606966308522,-1.68643659503128
"343",1.19337803311646,2.457354365848,0.141029521391759,2.00866637566152
"344",1.64762280788273,2.31102381786332,0.121038604331667,3.33511779040894
"345",1.91955729434267,2.2836562753655,1.79000563868625,-2.58653740358129
"346",1.87090280884877,2.09931857301854,1.98990412972596,1.0943625067218
"347",1.81494198879227,2.39195198612288,2.50830053716397,0.300978013184256
"348",1.78397783031687,2.3076409555506,1.05834753354548,0.502107376613049
"349",1.22108421032317,2.35520015261136,0.842959586529873,-1.70812080817535
"350",1.45064292638563,2.99066749634221,0.797935181472004,-1.58341960458844
"351",1.28756367159076,2.39679019921459,0.387645349830381,6.09952739387705
"352",1.23769333749078,2.48158154962584,1.4168711492132,0.639066593620689
"353",1.57502806885168,2.16110353823751,2.06945325492178,3.68659099641405
"354",1.49744896846823,2.66419564862736,-0.0436712538507904,-1.68954239035676
"355",1.22710070363246,2.60791491204873,1.01625126864633,1.50127261714328
"356",1.43495267583057,2.63037045719102,1.11708113514484,4.14646999711451
"357",1.91456802585162,2.94285698886961,1.20768662308896,1.24956847808204
"358",1.63428273703903,2.99251719051972,1.49705597898652,4.14961446074226
"359",1.34222003701143,2.35300128092058,2.11485749356055,2.91609760680458
"360",1.23578465543687,2.96754151536152,1.01090683168173,1.15898838175018
"361",1.90850956179202,2.61243999819271,2.11111634531288,3.70691784403494
"362",1.52473914180882,2.37968054460362,1.19758311736446,0.151519275572391
"363",1.09532603481784,2.76136386720464,2.57007408620075,5.20780857954638
"364",1.72786192619242,2.16842967015691,1.6480524246138,3.77236852679438
"365",1.71117905969732,2.41618021437898,1.14223886882447,-0.971345292846041
"366",1.98986614239402,2.02608901914209,0.322163714054216,4.49635408201089
"367",1.97927829367109,2.27546798321418,2.4350315628493,2.60311729506244
"368",1.19740839139558,2.82434635865502,1.76672000685779,-2.58918429888104
"369",1.87460339535028,2.38894708128646,1.60480693050153,4.15558604980316
"370",1.17370437760837,2.92895610467531,1.94931929308539,1.88673440611768
"371",1.11273596505634,2.9299432085827,-1.06269647480861,1.07020855624245
"372",1.91221726080403,2.20854872395284,-0.212345639988755,4.00379377110096
"373",1.60655100666918,2.33964468655176,0.693968387840198,2.19792861247908
"374",1.15108199673705,2.66329342522658,1.39187114773679,6.28492314230184
"375",1.88653711555526,2.03610070771538,0.201884884710752,0.763408029844612
"376",1.85045737423934,2.27436630497687,1.51314239227824,5.45808020303735
"377",1.55237843538634,2.68281758250669,1.30022080948948,2.1361059145269
"378",1.6547387605533,2.99183913669549,-0.190553109033836,1.46166668870417
"379",1.08169099013321,2.5694144978188,1.22703541696974,2.1089652205016
"380",1.25303134112619,2.85603638598695,0.0989133557514904,0.130568102191025
"381",1.56364389765076,2.49106675363146,0.53267971118839,3.2189924145796
"382",1.436882738024,2.17199400789104,0.981643495556802,-0.391507281971964
"383",1.0146958231926,2.14916374790482,-0.262187046408417,0.789955517177522
"384",1.17665734142065,2.12391669186763,3.55099593207405,-0.594230216342937
"385",1.99099248065613,2.13904937775806,-0.165219491214219,6.78435411671724
"386",1.03375838370994,2.28632196201943,2.49698499213376,2.77454373878895
"387",1.29224934079684,2.97243186598644,0.82584760872198,2.8586063901796
"388",1.77125020534731,2.03923703543842,-0.937062264537633,0.500445920646144
"389",1.62727068178356,2.50947886542417,0.309274747940465,3.44940263135026
"390",1.34130750712939,2.50575187406503,0.0711986181107662,1.60454966404909
"391",1.48889664490707,2.92033376661129,2.00063157900429,3.76997449235611
"392",1.02946245577186,2.75118123111315,1.60575342245084,2.46856445901036
"393",1.58932642056607,2.70615689014085,0.0132679439192872,1.18747193077059
"394",1.38834938104264,2.32669011107646,0.100378916839316,2.35235283031367
"395",1.69974323036149,2.00738893728703,-0.379450659437403,1.09431428574469
"396",1.5255839691963,2.75677487114444,-0.849769573006361,-0.416904961998519
"397",1.14719718531705,2.06836141529493,1.8578185621397,2.35537539064368
"398",1.00503781717271,2.25222666515037,1.34284798650892,4.94707188447392
"399",1.0147344795987,2.27055300446227,1.77028558961225,0.863233134187278
"400",1.38280281657353,2.74116753251292,0.168219540923147,2.36017670225358
"401",1.30419265641831,2.17691298853606,0.506644563617666,0.122472144229979
"402",1.87108717882074,2.17786405957304,3.21733780310543,3.14795142894393
"403",1.04431827017106,2.85116778686643,2.08895824744403,2.83520208474024
"404",1.83271177811548,2.5427061135415,0.860736108128755,3.79666858270575
"405",1.89987235143781,2.46785986563191,1.44844667559686,2.75384174183555
"406",1.81956168683246,2.313552753767,0.413495294982974,1.63814058652325
"407",1.03946582181379,2.44364356109872,2.71875055796298,4.18535467610696
"408",1.37466249079444,2.17218419560231,1.49419719275905,-0.262616660639207
"409",1.0340717297513,2.34544178750366,0.285708445053878,0.0101217151242341
"410",1.18255039257929,2.37428994104266,1.23067296402144,-0.245882669637569
"411",1.01372129609808,2.77285297284834,0.796228881584747,2.87264937221945
"412",1.40728831011802,2.67250752751715,0.925271717608049,4.32333073072326
"413",1.06155515345745,2.53049660986289,-0.43316823223077,-0.690852063373833
"414",1.92086153454147,2.06926521798596,2.80351380515137,3.03755712050682
"415",1.05380198196508,2.83982481458224,0.839362044376807,1.7155736237941
"416",1.6105373473838,2.97126174438745,0.71667628394189,0.00976773170101564
"417",1.17547425581142,2.97498755552806,1.40234322875443,5.18927577608141
"418",1.65687450766563,2.14799857512116,0.176637208315874,3.87862484786712
"419",1.87899170536548,2.16667624306865,0.961024316370902,5.26869494984031
"420",1.22162285633385,2.65027096495032,2.15987399049291,2.24177017104037
"421",1.52186443959363,2.89592497819103,0.630417000389498,2.98733828793224
"422",1.85520970728248,2.46052035782486,-0.546663472962897,1.28166028529045
"423",1.6669102164451,2.23023285716772,2.4487902080925,0.541698633586718
"424",1.76587845967151,2.1735610505566,0.923506143293683,0.187869282624417
"425",1.45228727650829,2.31743907183409,1.22612204813535,6.46040907794482
"426",1.01576542807743,2.99504511407577,1.28604441436151,3.1209461820607
"427",1.27210852690041,2.99283753894269,1.98525595549192,1.94538106008558
"428",1.72372849099338,2.48429167154245,1.25251339914408,-2.32598182706926
"429",1.78509705024771,2.94782665278763,-1.25290567292073,4.8371867605867
"430",1.859535360476,2.46291347872466,0.795813322498712,1.63578225383273
"431",1.62706838734448,2.62267417740077,0.395262759263164,0.8077321900509
"432",1.30129324062727,2.08939987421036,1.7039518363102,4.52038597187931
"433",1.35888621327467,2.39127823780291,1.88038102987489,1.7953203505855
"434",1.48043068801053,2.43351580970921,1.06964945468702,3.39922122912055
"435",1.35845201089978,2.45812346367165,0.429604110398517,1.99986089305261
"436",1.85514368582517,2.48643822851591,1.5828589574949,1.66135526973584
"437",1.01364433486015,2.50651969271712,-0.588521957058244,2.97112950570304
"438",1.03195563796908,2.87880957918242,-0.12127485038758,5.02913042292072
"439",1.78289526561275,2.89498079335317,1.26834022717395,1.91774178799171
"440",1.97044265270233,2.86409744131379,1.45148699655817,2.27797910576021
"441",1.41529649309814,2.27229269803502,0.562411872016498,0.46015131885095
"442",1.41475011524744,2.08829099684954,1.26625144103055,4.61498847161071
"443",1.06066942214966,2.88258464261889,1.58650156286834,0.873866070608443
"444",1.33969334256835,2.48146985867061,1.85594537259397,0.672000685597139
"445",1.90487724961713,2.09257577196695,1.09428224774326,3.09518908831398
"446",1.9179124084767,2.57001296593808,2.03291293757272,1.70391560101652
"447",1.96774810226634,2.00296415970661,-0.415007990178741,3.6983168353751
"448",1.01486462447792,2.79116697958671,-0.346105720447205,-1.88695112596972
"449",1.68120421213098,2.89988181064837,0.799944695526369,-0.848001267789149
"450",1.8333773848135,2.53013552492484,0.332569583828346,-0.879468440372476
"451",1.93013452598825,2.29899026290514,0.994288053644628,-0.628474206379646
"452",1.55415025213733,2.68875852879137,-0.337114665428277,3.68793749961501
"453",1.32413226971403,2.05400128453039,-0.0247445641266451,2.19220436441902
"454",1.38930311053991,2.57112409267575,1.43046823681333,-0.0951053399049555
"455",1.99773160926998,2.21778974565677,1.45950209399984,3.93011261232658
"456",1.00647415779531,2.16486132354476,1.01707041904503,-3.6338411177123
"457",1.68183277710341,2.16455765394494,1.78097102853759,1.71339866848137
"458",1.77003254764713,2.35000740760006,0.205381533965559,2.91779172318891
"459",1.4667681902647,2.28992050467059,-0.89647484481765,2.54898826552831
"460",1.95099164824933,2.05859184800647,2.60047096249322,3.50397661558477
"461",1.48168361652642,2.25657263351604,0.103806480758695,1.69752586330544
"462",1.71514720702544,2.88519033463672,-0.468214136148782,2.24636486232204
"463",1.08670625137165,2.66045268601738,3.10632585390678,1.52558230875371
"464",1.45642662909813,2.83076071878895,2.31448550484294,0.631636991673382
"465",1.48876410140656,2.02428354904987,1.00944201666224,0.251491261730836
"466",1.51210661302321,2.89590400247835,1.29491906471333,-0.647831866892615
"467",1.79144826717675,2.65673157386482,0.438663419669827,0.00796698750643587
"468",1.2947556830477,2.70891657727771,1.04538338224833,2.3024834335432
"469",1.85043872543611,2.96248129731975,2.60163005734796,5.79447456064111
"470",1.09117725957185,2.56167993182316,-0.0860393228107765,6.62196122211574
"471",1.86845341394655,2.78407904948108,0.344215882255474,3.60762040120995
"472",1.97904632845894,2.51998995919712,2.03960415972904,2.66418285485923
"473",1.41445630090311,2.09935116861016,-0.659284088998144,0.489445810941956
"474",1.14048974728212,2.14612986589782,0.6230431812924,1.36363028418744
"475",1.52727196621709,2.12472481420264,1.4471217450323,1.61614014494934
"476",1.04796760505997,2.87243870878592,2.84843441852912,4.44138927290172
"477",1.93121114955284,2.51950087444857,1.29184665060514,3.08727065990044
"478",1.4169139682781,2.53434047522023,2.1737374766189,-0.0270954319479921
"479",1.95191092719324,2.9080781461671,1.78714599222052,4.0817833150457
"480",1.62974710599519,2.53577537299134,0.950777705206057,1.68374191436728
"481",1.98347679153085,2.39520005462691,0.429846163367547,1.83861884331904
"482",1.52862750180066,2.78216652246192,2.67221950285286,2.46033930324795
"483",1.56334824766964,2.00067756325006,0.460509227949937,0.429276815155838
"484",1.31390910758637,2.41013775276951,1.78348133624609,2.81684533025122
"485",1.0918994594831,2.4508676812984,1.22388423633411,4.3160037275161
"486",1.13481428939849,2.76067092851736,-0.435021270896901,1.11021767136982
"487",1.08472424000502,2.63373646582477,0.387517844258827,0.628776906746588
"488",1.81204208056442,2.39801259618253,0.600271980486498,5.37621304072898
"489",1.02339947456494,2.34797783801332,2.53041742285404,4.9311981078024
"490",1.21098269335926,2.48906704573892,0.529742124476944,2.96366239752597
"491",1.71494476706721,2.49648786149919,1.45766607683057,0.521382421918656
"492",1.5881641372107,2.05055262800306,1.45993094883802,2.64234770133291
"493",1.04684939770959,2.61629133019596,1.29123693812319,2.36706504045315
"494",1.85785481752828,2.11197493807413,2.83887195323165,3.60626309299438
"495",1.67089098552242,2.794986654073,1.18181356632904,4.86828919849622
"496",1.27148854848929,2.02408763812855,0.4534704923108,-0.450643781978584
"497",1.35880421823822,2.1627619585488,1.12138251068855,-3.46172276954253
"498",1.21823064377531,2.29082386568189,2.01418287702489,2.58556847196511
"499",1.33127493457869,2.27585943904705,2.46476452336758,3.59402852351957
"500",1.44657008419745,2.11139750480652,2.81215213356064,2.32429162269141
"501",1.69184207264334,2.90111636626534,1.99663773979713,2.79728953447631
"502",1.14458993566222,2.93692523147911,-0.308004756483529,1.76218066150856
"503",1.03722679265775,2.93972084647976,3.67830653185752,1.99196101000751
"504",1.35645013069734,2.81789098726586,0.800931872242975,0.866616780561221
"505",1.54462994285859,2.45124331954867,1.41329788270158,0.393081037810456
"506",1.31150168692693,2.23491873219609,0.394984766609523,0.925422856262658
"507",1.23503252677619,2.32832092372701,3.73770104065643,4.21561254393158
"508",1.93213944416493,2.89429957023822,0.967909245939188,-1.25335776026573
"509",1.87948212889023,2.43450427404605,1.07197890135121,2.46685706570281
"510",1.74458821490407,2.60302368854173,2.35926470156203,1.34001473224551
"511",1.49749599932693,2.41659305267967,0.658140205787362,6.00389738817929
"512",1.45896094269119,2.24911096366122,0.329396875116508,4.03043174375279
"513",1.22200609580614,2.56964640971273,1.34418772254425,-0.0609845376991456
"514",1.87326964666136,2.9573561323341,-1.39014863012301,2.55855965734739
"515",1.8305083590094,2.50457819947042,1.29599838115311,3.42444023990503
"516",1.6208249211777,2.87378573324531,0.231782455693908,2.22283357201999
"517",1.33724619448185,2.7648868104443,0.511916824569403,-2.24533289246519
"518",1.98465233994648,2.18287804699503,-0.970646704542309,0.745552343684417
"519",1.70819624885917,2.10551720694639,0.858156709039066,2.41727163405729
"520",1.04404893470928,2.94706986937672,2.09284732097632,-3.2238505582315
"521",1.62696903687902,2.44978105952032,0.477749164275718,-0.126089106369054
"522",1.03761083888821,2.87540964293294,0.501911630182941,2.54689159297475
"523",1.90983778028749,2.79693964752369,1.02296514268782,5.03092797756718
"524",1.26853489573114,2.90510581247509,1.3000692276354,2.23563845333381
"525",1.54860248812474,2.15252673719078,0.718993507976159,0.321457607834204
"526",1.21653014048934,2.48924967157654,0.386571741237225,0.00129222981965027
"527",1.85046099615283,2.06234635179862,0.261679598358541,1.48921209299896
"528",1.32233348535374,2.45450335508212,0.650933669905405,3.35649605975255
"529",1.48185060941614,2.63945734337904,0.381751772177779,-0.152640967806579
"530",1.3685751191806,2.67323488299735,-0.227199186297196,4.65322424737485
"531",1.68061441625468,2.53014204720967,4.49384147830779,2.08238085455527
"532",1.18487388058566,2.37772628641687,1.51204206061623,-1.1223925382758
"533",1.73792859748937,2.05174202588387,1.23536903477033,2.30415477915531
"534",1.84330386202782,2.55860498989932,0.971699794085298,3.43183575168466
"535",1.33577465405688,2.5671892859973,1.67762549521348,-0.442136259354656
"536",1.32630237028934,2.41896378435194,1.20816994572006,0.430323623783247
"537",1.06305258418433,2.98956301272847,1.33552016715449,-1.65579943743013
"538",1.95620684651658,2.20004834164865,-0.804784073065357,1.49045306819502
"539",1.0042127633933,2.56332657765597,1.97924439203575,-1.69066778334386
"540",1.57779553928412,2.27318555070087,2.08123324286165,4.76997210613908
"541",1.2872371415142,2.201829476282,0.757288918532883,2.86444827217328
"542",1.80541953095235,2.21246810862795,0.920258177490804,0.640944200609876
"543",1.86825385224074,2.13129209913313,4.02833397558033,-2.37108498381105
"544",1.03719832352363,2.49728066427633,0.992614902463946,2.10361746408635
"545",1.96937694889493,2.54446968971752,2.20963455879772,0.265633826467347
"546",1.65411430364475,2.18866662122309,0.962293850158663,5.46617642055377
"547",1.52957502473146,2.91803968511522,0.999884785734801,1.52144501580143
"548",1.06615818454884,2.54324144520797,1.17799681988647,0.0244481930405664
"549",1.49410082004033,2.14217445929535,0.821179568403714,3.47936568201257
"550",1.77066501323134,2.64880538405851,1.37115551221425,2.27165466922253
"551",1.90168395359069,2.95125230727717,-0.325951869193687,1.03218913715514
"552",1.20065588108264,2.32119623175822,0.295792860093267,1.87738854004453
"553",1.91992807760835,2.26873850892298,-0.747572498372217,2.05670936978957
"554",1.80025258334354,2.67257232032716,-0.871872904549723,-0.274648554502987
"555",1.16596439341083,2.17260493687354,2.11161644912325,-0.0348564746415243
"556",1.10475992714055,2.86666396236978,-0.356872549323733,5.2453291217693
"557",1.04810543358326,2.72891074884683,1.49199058435169,3.4439652735506
"558",1.63063959614374,2.79776362818666,3.57182859345047,1.96517526111012
"559",1.9249753698241,2.59043039870448,0.200454905449834,-2.45075319535654
"560",1.28717812662944,2.15894558560103,3.00559066478893,2.47679462484561
"561",1.1974934625905,2.82159625738859,0.678383700042535,0.35171617974579
"562",1.23015256482176,2.14927575411275,1.85770567622716,-2.90364402191252
"563",1.33465266693383,2.01319686695933,2.23402157056477,2.50024849350936
"564",1.36493675061502,2.8594321180135,1.91849109400212,4.5771944470288
"565",1.8446469430346,2.02129968465306,-0.560383671990297,2.20824219926949
"566",1.84514778363518,2.18724086764269,0.288677866309722,4.21329852264244
"567",1.94296230189502,2.97342328564264,0.824963728849608,3.45777761065055
"568",1.80108269443735,2.48224269249476,1.46208632300206,3.38186759776542
"569",1.7652327385731,2.47754089231603,0.168473143346834,8.04145122111033
"570",1.07841898407787,2.11234591295943,0.909259707181715,-1.12987391139938
"571",1.12312347744592,2.75477302726358,1.13185052959916,-0.805740169625222
"572",1.13307247427292,2.0197395128198,0.106686064133374,5.47136149215562
"573",1.57357539352961,2.8841844717972,1.00468909557756,1.37462205848762
"574",1.24047001078725,2.49418115778826,0.556810147078749,3.16147840002537
"575",1.74675090052187,2.55791522958316,0.69038985817043,3.09110163541951
"576",1.53135881852359,2.31240187399089,0.533136740889546,1.66569997184304
"577",1.31783692585304,2.99667976563796,-0.284471255914617,-0.0137886862910181
"578",1.51103559928015,2.13801274099387,0.451171271764861,-0.664375684821682
"579",1.51909259567037,2.50779209588654,0.766750183263503,2.00142154670898
"580",1.09541441011243,2.1146711143665,0.951242595352253,1.22958908081376
"581",1.77809519856237,2.09412029362284,-0.113411053536677,2.47168838114354
"582",1.34568013460375,2.06989515852183,2.11456138372792,3.54060012961721
"583",1.24639655277133,2.49179048440419,1.21108459579207,1.44932355192139
"584",1.19569857791066,2.68242689408362,1.57510830167647,0.24953591222032
"585",1.68563453247771,2.85177637683228,-0.479307678590756,4.76544881088422
"586",1.4601402936969,2.9836201753933,2.78539173695075,2.81483615844903
"587",1.26144793443382,2.91870503593236,2.555920825818,2.47463468731731
"588",1.66023764573038,2.27297152904794,0.298761655751108,4.29684245502779
"589",1.51503459131345,2.06212057010271,1.23439566924918,3.24514018807186
"590",1.99940100964159,2.93580339662731,2.44808238514862,2.93339167470419
"591",1.76826306805015,2.71147224702872,1.83305771079134,3.26984053364127
"592",1.08139002346434,2.01083339843899,-1.25489875360431,-0.697409691843641
"593",1.04108284856193,2.64730073860846,1.95149134621425,0.787795169394921
"594",1.09006237774156,2.01176004507579,1.22810561009081,4.57735674198897
"595",1.40903139580041,2.43660634709522,1.44940368052076,-0.141253327745408
"596",1.58315880876034,2.6633368472103,-0.320575183496251,2.07337548657886
"597",1.56844173627906,2.20914370985702,0.810014870393979,1.66642332643839
"598",1.58205513027497,2.47538039367646,0.609670400435292,0.182860909698113
"599",1.1212611545343,2.93785337195732,-0.119661918482057,3.03109327350649
"600",1.82529044430703,2.76149843097664,0.315411520887366,2.4736009522482
"601",1.03192578838207,2.44172884849831,2.39097937820031,1.40853691202145
"602",1.03352127806284,2.10904135764576,0.0627054492365979,1.67379781003102
"603",1.53656206279993,2.7537704478018,0.874908703631536,3.32417542690311
"604",1.11693877610378,2.27130959508941,1.42169048651444,5.44272334815091
"605",1.78739552735351,2.74626515270211,0.505229398839095,1.62318047879234
"606",1.33409268851392,2.75603982014582,3.12628711935397,0.0818734802492227
"607",1.74058264121413,2.53506008652039,1.6692250278803,2.61616102100098
"608",1.56950393761508,2.59534756024368,-0.100372777532485,1.21623646442864
"609",1.02486937120557,2.20436693914235,0.00025511679035517,0.859769122148771
"610",1.83738772757351,2.46192261530086,-0.29288790369634,0.194662956885282
"611",1.66619253717363,2.44013694114983,0.714886974780019,4.83730890477104
"612",1.54291949258186,2.13004570035264,2.26145594665877,0.214150793937453
"613",1.09225468384102,2.81264077243395,2.22774831624268,3.61620814185159
"614",1.85077640367672,2.58446229505353,1.98685851265291,1.62705686505557
"615",1.36394284549169,2.99248745315708,0.870924637718204,0.876776566498282
"616",1.61175594013184,2.62930175149813,1.71778848844258,1.48360884925452
"617",1.57437924249098,2.76395258912817,0.946861539039984,1.08833445033064
"618",1.91872694739141,2.62082158611156,0.755991441813251,2.31248449951188
"619",1.32062130863778,2.35545883118175,1.84184997461548,-4.1830240336291
"620",1.52669140323997,2.6009887252003,-0.0326373389277539,3.24652302210325
"621",1.76620065560564,2.16466724663042,0.0086834127143709,0.377680784186693
"622",1.8037182635162,2.43705968023278,1.13937554629556,3.15930278459131
"623",1.0445748064667,2.96052860445343,2.89364476638993,3.12129379804942
"624",1.59115922870114,2.16768171498552,0.63109278498231,2.83932754608368
"625",1.97574486956,2.11222966923378,1.29686523093582,2.44984397771502
"626",1.71407945081592,2.88264754181728,1.27735905616858,0.598347594207947
"627",1.36816769372672,2.71541068819351,0.259410278701415,-0.273483016109037
"628",1.12532904767431,2.53418756905012,0.403638653768551,2.77644130431892
"629",1.69689361099154,2.47965195658617,1.87262487096694,3.55758314663202
"630",1.03390052146278,2.69400239433162,-0.131633218268107,1.76772907076217
"631",1.02584848646075,2.0193545629736,0.888754224331308,4.8720976534901
"632",1.31537165283225,2.88123485329561,2.22954679432528,-0.176918810329331
"633",1.23448744323105,2.64239904587157,0.106582382895712,0.99322553318956
"634",1.01492340234108,2.1597783267498,1.95229764281468,0.0185585153105254
"635",1.12533974088728,2.9587622822728,1.07135660819225,4.30976678829311
"636",1.68285336671397,2.74942843453027,0.370665010155667,3.44942873215622
"637",1.528230025433,2.80565325380303,1.37342065051351,0.0161499831060077
"638",1.0665020593442,2.2755924728699,0.39985012944668,1.9786821207144
"639",1.95169628621079,2.39711338700727,0.20856581779366,-0.0550358610473327
"640",1.71884986385703,2.22657131683081,1.10022491925904,3.12337883958288
"641",1.88225650368258,2.48149700649083,-0.731204870336404,4.17829697238233
"642",1.43772763828747,2.94091304088943,1.42823706245328,5.31196540192101
"643",1.51321489317343,2.90065344469622,2.1844021588499,6.33171459189883
"644",1.2073005172424,2.74475159868598,1.00691697517906,-0.103012723015369
"645",1.85081241023727,2.65323790512048,0.72330501643292,-0.443345401816008
"646",1.5057264091447,2.64179354766384,-0.490208324348407,-0.351133268477363
"647",1.65328212454915,2.76589664677158,0.858786623489966,2.13192672269645
"648",1.35941210086457,2.99221366737038,1.18975439608083,-2.62419688966113
"649",1.68402049713768,2.91427878523245,1.15619083955121,-1.26496179390068
"650",1.35833838023245,2.0379575623665,1.59801216299407,0.599063287583255
"651",1.24330622586422,2.73932722420432,1.354089881642,0.242071969040511
"652",1.51110427314416,2.19833648204803,0.823561470591795,0.459409769627073
"653",1.17425214103423,2.39797196420841,-0.383434051053823,3.10661866204355
"654",1.01993422908708,2.93099183565937,2.52722440687586,4.11588460506536
"655",1.33961308584549,2.97566817654297,0.0280689926655175,4.45522349454437
"656",1.73764508613385,2.86909877625294,1.76383262792479,1.78943842873848
"657",1.62459570309147,2.42042980552651,0.237507831863788,1.22345977740756
"658",1.1355213643983,2.48855935176834,1.47667866065811,0.114832921992324
"659",1.29415973066352,2.59063181537203,-0.156243850849467,3.05992101994346
"660",1.53496542666107,2.76855392218567,-0.236732392119283,2.46727393762687
"661",1.2639491725713,2.18980377260596,0.0520860062872658,2.81628492642039
"662",1.0158701131586,2.65885017556138,2.23273625348556,2.64468891800218
"663",1.69317360199057,2.95164361572824,3.4452898858243,2.64161875066946
"664",1.5085810679011,2.4623358969111,0.977477097528254,1.92782240674993
"665",1.97093223338015,2.93452349025756,1.59454406209081,1.09181373893583
"666",1.73119889013469,2.36190872197039,-0.860628748782879,0.293110984177735
"667",1.84485644847155,2.15157683938742,-0.127235428102673,3.50980408471056
"668",1.79469896969385,2.94087150646374,1.11720845731851,2.17489364149775
"669",1.75059457728639,2.88500564685091,-0.386455274514267,0.973282027946512
"670",1.2745707873255,2.37957780389115,1.89979269551367,-0.0996161079538558
"671",1.2870736932382,2.99899777537212,1.19679925137054,2.20107085235014
"672",1.93278414732777,2.6105261798948,1.47335593343008,3.00343305564743
"673",1.5163685802836,2.97093470720574,0.0157370774589085,-1.83924654506189
"674",1.04262623167597,2.93222364340909,-0.841523617226615,1.65604668165641
"675",1.14978741668165,2.2520883155521,1.3361533855106,4.07850148303139
"676",1.6145619598683,2.25338894198649,1.8453877868467,1.20060222988357
"677",1.0074321879074,2.53161393199116,1.00787178545439,-0.475929130214579
"678",1.99284288473427,2.11392823467031,1.85972832966122,2.68158793979583
"679",1.20749454456381,2.79019952518865,1.33859594440539,0.630604800850917
"680",1.9766284681391,2.10479741333984,-0.340727627499706,1.12253330014386
"681",1.75179215264507,2.99101290432736,0.880657438023315,3.87626492523069
"682",1.55761468759738,2.92284348979592,0.799333578756888,2.22207734870566
"683",1.83594741253182,2.73052846919745,1.45209233970216,-1.08583818527814
"684",1.63551365141757,2.75567991333082,1.01499776550549,7.21760511745724
"685",1.38087724847719,2.73719695978798,0.982536742432425,-0.811390809149346
"686",1.47635462670587,2.89416182157584,0.597491062606418,0.284214137138681
"687",1.69991112244315,2.9424952045083,0.406407024467021,4.05253033878099
"688",1.50081720156595,2.09707241761498,1.19105016333976,6.00244648301156
"689",1.50176484882832,2.65283389994875,0.00424286559908915,2.61262450322985
"690",1.82132601412013,2.04720665048808,1.61139850892873,3.38862681178936
"691",1.19173893379048,2.60211137426086,1.51403271365666,2.80764415593312
"692",1.64300957648084,2.03297190694138,0.685281342431945,3.57099737217023
"693",1.85316625819542,2.88956700498238,-0.86215695350983,4.78052223445999
"694",1.93887326004915,2.79270262084901,1.39749866499496,-1.04708214286998
"695",1.61272765742615,2.32213838910684,0.236118588057615,3.34938272509761
"696",1.69070978998207,2.2211302567739,1.06670176962252,-0.615375222651174
"697",1.29477890557609,2.56333506153896,1.01581818595398,1.83656112710998
"698",1.25214650505222,2.79130541277118,2.53208570201982,-0.395030066898711
"699",1.51130968029611,2.03652758011594,0.385349997529233,5.93060891414213
"700",1.96538744796999,2.26873521902598,1.24468504273975,3.53829804855894
"701",1.28400537162088,2.99747487041168,2.45414155136277,0.625416589655206
"702",1.01141781569459,2.1724254116416,0.731050270740609,3.76852786157642
"703",1.72732901689596,2.73771950998344,0.217021237039394,4.77898036787938
"704",1.12121184566058,2.77784587093629,1.90649112839418,5.19046885682812
"705",1.33274558093399,2.99661024613306,0.083002259979563,1.25654587426253
"706",1.80365609331056,2.04585130535997,-0.0999958742655536,0.990640697889962
"707",1.2364665933419,2.2311022724025,1.18307895906983,1.21594920641134
"708",1.00539214070886,2.36729971715249,-0.0560562399022499,1.13100321574803
"709",1.135784632992,2.66681094234809,0.913195208625129,2.70461997902672
"710",1.17075986997224,2.77316001197323,0.855368726225961,3.1757692677133
"711",1.61960353818722,2.7231147326529,0.37561573088124,1.13417371495634
"712",1.939459285466,2.23131711524911,-0.15086425181063,1.42136338377382
"713",1.88953275326639,2.93558138259687,0.973962959920487,1.17736989317445
"714",1.01768716308288,2.97429048269987,-0.685483325270882,1.63830305674221
"715",1.91297037666664,2.40680211689323,-0.789839339204104,5.13567842135155
"716",1.1521077437792,2.02348294644617,0.822585583375299,6.64804874112078
"717",1.81900758156553,2.96396005759016,0.0225319633627507,6.39033418518554
"718",1.45862104534172,2.37040869053453,2.46991007130783,2.48905061307557
"719",1.18607234419324,2.85224695061333,-1.82999834542891,0.408630220603831
"720",1.21874080295675,2.58340335660614,2.48319147734998,1.4634488862843
"721",1.42783325817436,2.0779017128516,2.70335903541104,-0.432957241763491
"722",1.01650562672876,2.18369884463027,2.29945380229262,2.72970248051073
"723",1.55317044258118,2.3036124529317,2.99363150612224,1.64457697875654
"724",1.43148075579666,2.51506473380141,1.4392766599653,4.98125820940156
"725",1.24335522996262,2.74068265594542,1.0274902300402,-0.883475763375579
"726",1.18621390894987,2.79384735994972,-0.254901707733573,0.54390000606902
"727",1.58865945739672,2.92142773838714,-0.860824649872102,-1.67635738387064
"728",1.47354240179993,2.57667576032691,0.185598750695938,1.89583880538202
"729",1.26001046271995,2.79846844542772,0.10189896334903,1.37253405583149
"730",1.05031357239932,2.13961715600453,0.279823093084268,1.91123574895467
"731",1.55779340793379,2.54594869748689,0.388905321197446,-0.578706865073318
"732",1.94307104242034,2.54058034252375,0.375193065549977,4.7062675445714
"733",1.1792308378499,2.35848466143943,0.952248840160489,0.216412887199393
"734",1.22974207741208,2.69615228381008,2.01691454801646,1.97510154202115
"735",1.07647132035345,2.19047325779684,1.66787520420593,2.26951795581661
"736",1.59727172134444,2.4686489563901,-0.3585606119833,0.50634798752488
"737",1.72314782068133,2.74121417035349,0.10469128302881,5.00694382696944
"738",1.00671209604479,2.70378890121356,-0.376195126302368,1.00582725105241
"739",1.67527094762772,2.5886161881499,0.225397078002607,4.49958654273076
"740",1.22522707958706,2.66354903578758,1.46349959209854,2.58706247819544
"741",1.70250922092237,2.40716581442393,-0.416890874855381,3.63025623739258
"742",1.86504216818139,2.0149677481968,-0.234780364262048,1.28686833091609
"743",1.10255103511736,2.60480997827835,-0.550431274949003,-0.822403008561444
"744",1.89446940249763,2.73362386785448,2.02495554166856,0.206773075576703
"745",1.60326280072331,2.90636333380826,0.22212782356139,5.58587024583175
"746",1.75032858550549,2.94392988062464,2.01241383671747,2.7629252380095
"747",1.35610114783049,2.24953002366237,2.19282461086764,-0.381645368856634
"748",1.11619755532593,2.10009728651494,0.0851730952978967,5.07154042759994
"749",1.89673446980305,2.31942278612405,1.01795972237053,4.55055324550502
"750",1.69894110946916,2.38029870018363,1.42345662984717,-5.31654289825976
"751",1.83555691875517,2.78750208416022,1.41719164780909,-0.576005435279777
"752",1.21731553249992,2.44512134697288,-0.122139249373346,1.36963328408594
"753",1.59527490683831,2.01134897954762,0.255011675236512,1.69323539608932
"754",1.00940637593158,2.40974224871024,0.97764749792656,0.724590157995093
"755",1.28661250602454,2.34962854161859,0.0611722857045287,4.30403983770953
"756",1.40025243698619,2.22685218648985,0.467284359001618,6.06158664673334
"757",1.92320327833295,2.06957276910543,1.15843416061905,5.8158351473161
"758",1.18730723694898,2.37448167521507,1.28615273209717,4.63770680792028
"759",1.7964729827363,2.32295783655718,1.29195112417875,0.702137495038824
"760",1.93921586195938,2.08849718305282,1.17850301443393,4.67368140111059
"761",1.28637228510343,2.30497490125708,0.928263625325686,-1.8136124854787
"762",1.49148762808181,2.19531162641943,0.78967190343101,-0.27352683531747
"763",1.56341676507145,2.51107377838343,1.6917762722713,-0.0146244105125657
"764",1.05369442305528,2.31302173319273,1.3027673939904,1.61482001098839
"765",1.36728768050671,2.93366944184527,0.516622583059261,-0.142514698945994
"766",1.79471805552021,2.58026255248114,1.46217318960372,4.78881097804417
"767",1.99745091865771,2.45886954618618,2.2271308120517,-0.614754947001684
"768",1.97023625136353,2.65873442706652,0.478638039065668,1.82149395701836
"769",1.7569000152871,2.11359086935408,0.561055263296889,0.921544720128243
"770",1.38076495751739,2.69626539689489,0.322584684213574,5.29353963087912
"771",1.09347882890143,2.19080161582679,0.94720985624431,0.91986374915169
"772",1.06702320207842,2.54324800847098,2.58180146219702,4.76723175391757
"773",1.68398351874202,2.55795721220784,1.77322271936313,1.6606228842005
"774",1.39136937377043,2.25929255899973,1.35582733587488,2.1334305886972
"775",1.02703687176108,2.26318739284761,1.76843646459565,1.76071619284061
"776",1.68870677868836,2.53473501093686,2.16701194237274,4.4855898895327
"777",1.4650977102574,2.7591348066926,2.8981131658262,2.33401358493194
"778",1.80291240662336,2.87095232936554,3.90745946175558,3.06763558349486
"779",1.38421678869054,2.27426911471412,1.36508040525327,4.89625995333549
"780",1.42954151914455,2.77734144264832,1.41854464980418,3.0216995435475
"781",1.45289705903269,2.84294549841434,1.57974793073699,4.15505680726247
"782",1.07358860527165,2.6937770775985,0.712151905119635,4.0335868031637
"783",1.70728421071544,2.27142449351959,0.364803765852997,1.02597194733821
"784",1.22870683087967,2.7458171567414,0.979660757322534,1.28031922550851
"785",1.53954065358266,2.57227492402308,2.35061421584963,1.43958554241533
"786",1.77467687730677,2.28265367681161,2.85870370903522,1.0496392015624
"787",1.48066767817363,2.22389221866615,1.77908411745272,3.07768209133268
"788",1.79486425593495,2.83412900636904,1.29583576363958,3.79752300235089
"789",1.69170303316787,2.36656153341755,1.26953327871998,0.237043494502635
"790",1.56643157359213,2.08112904150039,0.190410824658988,1.80296015801265
"791",1.23240269604139,2.64332799939439,1.05473361757906,1.18371083334749
"792",1.44437900884077,2.27157056424767,0.41957951456542,-1.85672935110519
"793",1.93963966425508,2.67712230677716,-0.767241137795815,0.385535902209567
"794",1.87804987234995,2.12037156312726,1.75427461094949,0.670452891573992
"795",1.08466977044009,2.62814365956001,0.68637056651864,2.28671026114719
"796",1.1101803376805,2.93175859353505,0.109932955008729,4.12015160610644
"797",1.98528781277128,2.14063376933336,1.37505658032814,2.38248862024699
"798",1.83192731346935,2.2897394944448,0.439132357682779,0.652210079963433
"799",1.4689997297246,2.54114236100577,2.56778893868552,0.58245252337692
"800",1.44477303279564,2.62258943729103,0.411525202076593,-0.64259854899957
"801",1.35764744435437,2.13283684267662,0.22881454598411,5.34985238908677
"802",1.04799616895616,2.79894265742041,-0.757960501217555,1.53781259160902
"803",1.64174009859562,2.99122487660497,1.42646338751465,-1.49553940584801
"804",1.93347992864437,2.97180941398256,0.53229644350215,3.65235696568075
"805",1.471206381917,2.54390613152646,1.07906214628366,3.08146468844315
"806",1.67517645889893,2.38752764300443,0.955519043895845,1.67788624898973
"807",1.85459445603192,2.42830494977534,0.967148978491174,1.4755120906365
"808",1.85140069760382,2.49793300498277,1.07162950443603,1.68030036685484
"809",1.72580018267035,2.86987216444686,0.246150272163624,1.68975322351458
"810",1.07996048079804,2.65370877389796,0.886882761691223,3.49853705213832
"811",1.1532639071811,2.03924586973153,1.69927607737216,3.70735017273981
"812",1.97737173293717,2.62940131523646,-0.0732092084566829,-0.209122835090279
"813",1.95147176156752,2.62778573995456,0.0986864807956477,2.91961440556971
"814",1.84966638567857,2.79699205281213,0.669595292965354,0.143625673009425
"815",1.98759643733501,2.56665945495479,1.36533747002704,0.310024160412551
"816",1.01158163673244,2.82805260969326,2.48469259344158,2.49103064195558
"817",1.11602111207321,2.98480098810978,1.02978827243618,2.5347075221339
"818",1.47725086659193,2.91754217771813,0.977507645883668,3.26977333991482
"819",1.6866456605494,2.45144873321988,0.725447813596925,0.573974014777122
"820",1.08823271351866,2.98695982643403,0.205698110795945,-0.848401543713783
"821",1.92909873183817,2.98311450332403,0.351592262575265,1.34375495456912
"822",1.76232581259683,2.28757068631239,0.75054211860808,5.7535363278882
"823",1.91214261413552,2.3957885436248,-0.19561345483608,0.900783174902453
"824",1.07712054438889,2.92527012294158,2.19861331736985,2.69058802265044
"825",1.60083221807145,2.66983098676428,2.71120299265733,4.88789939360351
"826",1.65415678336285,2.14523695758544,0.238788931711664,3.40493283087006
"827",1.71050867275335,2.71860523312353,0.461626579752739,3.81754937350773
"828",1.86260622297414,2.16519478987902,0.332860323482177,0.850010615571553
"829",1.79752980917692,2.4219980861526,1.05912150660134,3.2555452626282
"830",1.17275625024922,2.7912616841495,-0.24348215698056,0.599232612630953
"831",1.58544390881434,2.05497556761838,2.05030872915283,3.81894891681873
"832",1.02214565267786,2.44933612714522,0.219413719919927,3.37816968579728
"833",1.01952488184907,2.95616446109489,0.680987149265078,-0.476520109733376
"834",1.15422224695794,2.09192389482632,0.688129159485255,3.20898124390157
"835",1.16429245099425,2.15398417785764,1.80458634458859,2.21607107299728
"836",1.73779191472568,2.08646660321392,-0.261860662977936,3.11737244380808
"837",1.33441193215549,2.07590439380147,1.3954588879407,2.20712947950391
"838",1.91095043183304,2.13189621455967,1.6897138083623,2.55293706556503
"839",1.26362575241365,2.01607798389159,-0.0565067941222872,-0.129127288583639
"840",1.21466312324628,2.80287670227699,0.926885797545707,1.17497367613364
"841",1.3039995864965,2.31628681672737,1.76854758009312,1.15110126851106
"842",1.23821755684912,2.32545945351012,2.0857790474019,1.37811293204369
"843",1.82060007774271,2.33549689431675,1.30134611774768,5.23062340287321
"844",1.85056444560178,2.8240294822026,-0.988344999385606,6.14994637231872
"845",1.23658410040662,2.59341488895006,-1.22874659987969,2.73153980295049
"846",1.69054435775615,2.95724710868672,1.69416971725124,3.45870269364275
"847",1.35747177363373,2.56242254888639,1.0545945656592,-2.54495175013878
"848",1.38417273759842,2.33165883645415,1.43125480614311,1.48595085767176
"849",1.1232619616203,2.06695757922716,2.91182398261964,-1.04919648736371
"850",1.31074819085188,2.68480796995573,0.279955822475523,1.1908718574455
"851",1.94050315627828,2.03410118655302,0.975630036127511,4.06809590496744
"852",1.41799774277024,2.10893949004821,0.556104538934403,2.12544290901841
"853",1.10331587865949,2.31636172439903,0.1225409896615,2.21523399384792
"854",1.90331180836074,2.58895749645308,0.980636426177106,2.15434680736999
"855",1.17435881728306,2.85937830945477,2.06353782746496,-0.733303701596891
"856",1.87811307329684,2.40027971938252,0.25375061860654,2.30577692044926
"857",1.22781275608577,2.77270167157985,0.498783903437409,-1.30106172234492
"858",1.30107284220867,2.17692698445171,0.758920949705572,2.83142693718572
"859",1.29892232525162,2.96068292879499,0.218365894162039,-1.08109735433827
"860",1.76769275194965,2.95964497001842,1.99009138121127,2.22507026850582
"861",1.44686948112212,2.16514222859405,0.634955344318166,5.12370788306579
"862",1.36616003629752,2.18869900912978,0.164541914230416,1.52368243020349
"863",1.35398205695674,2.17632539384067,0.714775319015347,3.22435795434467
"864",1.04295393405482,2.9963095439598,0.856132582945545,3.05143659189343
"865",1.85197579115629,2.92726498027332,-0.443591412396064,3.62549089580473
"866",1.51338135707192,2.23394146142527,1.19965590546062,3.53608557775946
"867",1.2322700151708,2.94240290741436,-0.638825950936913,3.54536312432226
"868",1.61187297222205,2.40413388307206,1.29231010026675,1.16838410807305
"869",1.05061194370501,2.23295966978185,1.12019538608988,4.94791821136639
"870",1.25895000062883,2.55713079124689,2.73435254189712,-0.0317313422447345
"871",1.47672950988635,2.10260008345358,-0.768503304987859,2.75541061784372
"872",1.31769511057064,2.82458871672861,-0.151757131551709,4.18843537375208
"873",1.26167818019167,2.64385802019387,-0.215555542171102,2.51060502382545
"874",1.75266960659064,2.04140377789736,2.29986072026792,0.789019656509582
"875",1.77188734919764,2.82966929697432,1.85983044941429,1.39344320051772
"876",1.00623989268206,2.79777128412388,0.161776026300744,2.62718015072591
"877",1.94083146983758,2.96245520026423,1.35540558674481,6.60464677892473
"878",1.90069116628729,2.42102267104201,-0.536347469606152,2.44162909153386
"879",1.40838591195643,2.18027100758627,2.28460182805918,1.91926121174642
"880",1.65377077856101,2.89949870319106,1.06844438484826,0.564011865417727
"881",1.33260956546292,2.09329222794622,0.581166409117056,0.709446566025387
"882",1.9397158427164,2.32896517100744,0.0590522430626609,2.79761085473377
"883",1.59819709835574,2.22595044784248,-0.291188997723335,1.67529408852635
"884",1.44554018322378,2.15545846172608,1.56984875603949,0.336243518931373
"885",1.03328282549046,2.39551737811416,2.98436070487618,1.61838478995704
"886",1.9182780040428,2.38658242393285,1.62245375669906,2.81951168735435
"887",1.15115507110022,2.0666910042055,1.56196886271182,1.44632820457732
"888",1.07486930140294,2.7814162587747,0.0684427695620959,2.53234904270248
"889",1.71946256235242,2.49558368045837,1.15474668204907,0.363718875676631
"890",1.2817456938792,2.96058148774318,-0.405835261122775,3.30304023266535
"891",1.53225715877488,2.14029065566137,0.624318118294956,5.93765588968683
"892",1.39884367468767,2.12918177596293,1.07179206147458,0.124832024140943
"893",1.32951428368688,2.26244408567436,1.24620017150505,3.8218001059927
"894",1.85447164368816,2.24741897336207,2.75306766229439,1.04292100787651
"895",1.72160598309711,2.51074473652989,2.45102055831895,2.98396437138747
"896",1.21870624087751,2.47713706223294,1.37783565533736,0.627212758801418
"897",1.81683740788139,2.18852082430385,-0.470835857433462,3.12367537565571
"898",1.99909856286831,2.4341233286541,-0.295849769401724,2.29333403695645
"899",1.02829235000536,2.19694062066264,2.93109793246593,4.40365330488681
"900",1.84681442379951,2.56956592202187,1.08847994314097,1.15975735183978
"901",1.03534473339096,2.98624510015361,1.39381260479132,-3.0475575258364
"902",1.53015290922485,2.6543679528404,1.45698373881508,4.28185586085329
"903",1.82912402111106,2.39730781363323,0.460342327521597,1.90564219442014
"904",1.78529427270405,2.43952817376703,1.21594940596453,1.58446059111813
"905",1.72238803771324,2.94187587872148,1.12334410658641,2.41352305841623
"906",1.61754075065255,2.76744326180778,1.28647291481255,5.44519767979956
"907",1.30935828527436,2.22351941070519,3.1426325942047,-0.106839507199899
"908",1.59968253644183,2.99666803143919,0.232528601307446,0.540026485409835
"909",1.53746955213137,2.18214270984754,0.512438542108323,2.18080322813059
"910",1.56357848225161,2.86899458803236,1.69388820636713,2.34899514508314
"911",1.46667420258746,2.39844867307693,2.53713435026546,6.7391276352179
"912",1.22563693346456,2.17730668513104,0.529086520382046,1.06361615941208
"913",1.79451101855375,2.54083884414285,0.305255307504635,0.999679438706711
"914",1.97911465563811,2.72847374272533,-0.0398558997909266,2.79328304949188
"915",1.99563818145543,2.79585460643284,1.2326776266213,1.60424628963175
"916",1.41950452839956,2.65724973077886,0.551653284414613,3.38547189675842
"917",1.89253118168563,2.83070029062219,1.53902788406421,4.1259009992778
"918",1.02240907447413,2.66999150975607,0.791098316863032,7.51056893875413
"919",1.92169498209842,2.20601054024883,2.03937541704202,7.31220712709034
"920",1.65536416973919,2.09262332995422,2.29604058599752,3.06551127984886
"921",1.2517563009169,2.80973865045235,0.748277844799644,6.50264832588965
"922",1.17305861948989,2.68137635965832,1.23873324534516,-0.963787125220816
"923",1.68313200352713,2.13109652907588,0.394513439041332,-0.991910995172474
"924",1.15693870815448,2.13241981831379,0.325501032122552,5.05133204410087
"925",1.14203373668715,2.01643839431927,-1.43650117781534,2.32921791729437
"926",1.09020831016824,2.72829448850825,1.48668174097649,0.994493922777238
"927",1.3412278892938,2.71131449542008,1.70025538503402,2.20315069965748
"928",1.43602896062657,2.5153102404438,-0.436889498756453,2.81043966753922
"929",1.6534226348158,2.4041417890694,0.544649001550993,4.20802571773482
"930",1.37890555290505,2.91962764179334,2.2911238340495,2.95720015496447
"931",1.31793795293197,2.69016042281874,0.881627890765818,5.59163813712171
"932",1.19603957561776,2.42822197102942,0.708069634958376,2.82456427426486
"933",1.7122452694457,2.71810326771811,1.98858385714573,4.39969610397596
"934",1.46603526128456,2.877219541464,1.12803234065176,4.10386894443193
"935",1.87698796647601,2.18808304960839,0.137747774079421,4.49117210299864
"936",1.71406108816154,2.6437661848031,-1.5760217964491,0.852253252287047
"937",1.48093227413483,2.89932146389037,3.23893463503196,3.06384946009085
"938",1.4390240192879,2.18182516680099,0.334808765310866,1.7406340727439
"939",1.84599739871919,2.2977417956572,1.18039495228345,0.409205430957149
"940",1.98894480033778,2.43900353927165,0.781558776427381,3.03464583673889
"941",1.80803454248235,2.61733861337416,1.72954243795453,1.40131430795444
"942",1.33628245815635,2.84825139050372,-0.133192535077214,1.19330735509135
"943",1.58729074709117,2.94984438922256,0.747765611883709,-0.426444912409284
"944",1.28120357124135,2.03492498095147,-0.871441998510194,0.399784149312922
"945",1.93903153063729,2.26135281147435,0.937792575305166,3.51749594959156
"946",1.54384193150327,2.7659008114133,2.57593063175261,3.96137668309262
"947",1.24666870152578,2.26111633237451,1.0260685903734,-1.177350017481
"948",1.36350817768835,2.76441686274484,1.00881776909257,3.77291794653381
"949",1.32738594547845,2.44256595731713,0.545021362524546,3.33239571637486
"950",1.98427018639632,2.0080244182609,1.4413699410798,-0.572268601026708
"951",1.89709629351273,2.85989477531984,1.57335873786483,0.586924688549072
"952",1.8489194791764,2.34597254847176,2.7460179670784,-0.566595477150948
"953",1.58976689167321,2.59512394550256,-0.16771701398249,2.47379179247403
"954",1.79897792008705,2.50585423666053,2.14040071563998,-0.690479337933068
"955",1.49685775442049,2.32841534307227,1.11669160878631,2.75542806735311
"956",1.67313315160573,2.39625951973721,1.23521673343092,4.30860490424747
"957",1.37622523377649,2.88367252983153,0.0610790015849114,4.4867794352954
"958",1.84038859722205,2.83778075571172,0.172753173384702,2.33801177504111
"959",1.46063396474347,2.99477527663112,1.81414348502422,0.795304298780356
"960",1.43296397174709,2.82215157547034,1.17692625677926,2.23085960868303
"961",1.72924811416306,2.07544358214363,0.492531128086944,1.92780737811034
"962",1.34443951188587,2.00110291619785,0.791214670309063,-0.201469021454083
"963",1.55122460378334,2.74944800487719,0.53358911475568,2.41360198502114
"964",1.24573422875255,2.99234838760458,0.8788757300953,3.67693362579886
"965",1.43119664583355,2.19096010643989,1.92828503347987,1.63266643849671
"966",1.31674881512299,2.58595802471973,1.20389987775242,3.54154259721555
"967",1.18206921010278,2.15243805549107,1.64458913958928,1.60289470534006
"968",1.40752999857068,2.57226415700279,1.65243420620142,5.65258295267862
"969",1.07748013641685,2.81933846115135,0.640341220698867,0.476167197996171
"970",1.2593341844622,2.60362792829983,2.13014161670365,3.81954917080963
"971",1.96610817685723,2.36449578590691,2.39225508830159,0.951259001303637
"972",1.41203889250755,2.81437365361489,1.13552231612903,1.71105318649899
"973",1.31886769016273,2.36639300524257,-1.70061459521074,1.40741132101783
"974",1.37591822189279,2.00215919571929,3.19026130881565,2.94340326751752
"975",1.6555782572832,2.74830828420818,1.42682991372079,0.341033712573029
"976",1.25370957632549,2.91081630787812,0.465182791162195,1.7612113415637
"977",1.84364337963052,2.8817982932087,2.86033113015951,-1.3528043242597
"978",1.48922542412765,2.75604389887303,1.70233968081067,3.58594928173276
"979",1.53751790197566,2.4819355502259,2.52590624942413,1.20127880512884
"980",1.6866902555339,2.99618299212307,0.648072026130446,3.30501714413211
"981",1.27907407120802,2.77989520155825,1.27574847628933,0.301276496161886
"982",1.5177361886017,2.70111642638221,2.47377746214092,3.77862924144407
"983",1.92780026164837,2.99119482934475,-0.339236391273732,1.74749292254717
"984",1.69150431500748,2.80509180296212,0.158902610154693,0.321020554101344
"985",1.17895455891266,2.26565114711411,0.65409772139537,2.53441783915594
"986",1.32634803047404,2.05593808321282,-0.413132533970226,2.96546262646197
"987",1.54980749916285,2.1931314165704,1.71918732104996,0.0284807379372829
"988",1.82974166958593,2.92303835810162,0.584217496087668,1.89776801802171
"989",1.61449329950847,2.96087931166403,-0.528879850312595,-0.656962531052428
"990",1.50965350703336,2.4134996724315,1.67328171729291,4.42820006546381
"991",1.46701213298365,2.63140970794484,1.54524109079129,3.35590092628113
"992",1.67106981854886,2.6119271023199,1.06256819506736,3.66166861666984
"993",1.95051165530458,2.53468132624403,-0.338577865671758,2.86177427473805
"994",1.8910512982402,2.93539853137918,0.978358699887557,2.13525869651911
"995",1.79092063661665,2.06115809571929,0.800385082469349,-1.29666940172725
"996",1.2675594619941,2.73984690848738,0.716449547891915,2.80194123280469
"997",1.75623571523465,2.41868691355921,1.81304711309021,-1.3706248024203
"998",1.72558818827383,2.78690851060674,-0.765323941449844,0.823651698664389
"999",1.59910220606253,2.66260757599957,1.3922171685879,2.92647924290667
"1000",1.64466066402383,2.49052005494013,0.851386831125282,1.149963979062
